institution,external_id,org_type,overall_grade,strategy_grade,system_grade,epeople_grade,grievance_grade,satisfaction_grade,performance_grade,communication_grade,innovation_grade,integrity_grade,disclosure_grade,owned_communication_score,mandate_coherence,freshness_days,evidence_url,note
기획재정부,GOV-M01,중앙행정기관,나,다,가,나,,나,,,,,,,,0,https://www.data.go.kr/data/15131141/fileData.do?recommendDataYn=Y,2025 국민신문고 민원서비스 종합평가
외교부,GOV-M02,중앙행정기관,라,마,나,라,,라,,,,,,,,0,https://www.data.go.kr/data/15131141/fileData.do?recommendDataYn=Y,2025 국민신문고 민원서비스 종합평가
통일부,GOV-M03,중앙행정기관,라,마,다,라,,다,,,,,,,,0,https://www.data.go.kr/data/15131141/fileData.do?recommendDataYn=Y,2025 국민신문고 민원서비스 종합평가
법무부,GOV-M04,중앙행정기관,다,라,가,다,,라,,,,,,,,0,https://www.data.go.kr/data/15131141/fileData.do?recommendDataYn=Y,2025 국민신문고 민원서비스 종합평가
국방부,GOV-M05,중앙행정기관,다,다,다,다,,다,,,,,,,,0,https://www.data.go.kr/data/15131141/fileData.do?recommendDataYn=Y,2025 국민신문고 민원서비스 종합평가
행정안전부,GOV-M06,중앙행정기관,나,가,나,나,,나,,,,,,,,0,https://www.data.go.kr/data/15131141/fileData.do?recommendDataYn=Y,2025 국민신문고 민원서비스 종합평가
국가보훈부,GOV-M07,중앙행정기관,다,다,다,나,,다,,,,,,,,0,https://www.data.go.kr/data/15131141/fileData.do?recommendDataYn=Y,2025 국민신문고 민원서비스 종합평가
교육부,GOV-M08,중앙행정기관,다,다,다,다,,마,,,,,,,,0,https://www.data.go.kr/data/15131141/fileData.do?recommendDataYn=Y,2025 국민신문고 민원서비스 종합평가
과학기술정보통신부,GOV-M09,중앙행정기관,다,다,마,나,,나,,,,,,,,0,https://www.data.go.kr/data/15131141/fileData.do?recommendDataYn=Y,2025 국민신문고 민원서비스 종합평가
문화체육관광부,GOV-M10,중앙행정기관,라,다,라,다,,다,,,,,,,,0,https://www.data.go.kr/data/15131141/fileData.do?recommendDataYn=Y,2025 국민신문고 민원서비스 종합평가
농림축산식품부,GOV-M11,중앙행정기관,다,다,다,나,,다,,,,,,,,0,https://www.data.go.kr/data/15131141/fileData.do?recommendDataYn=Y,2025 국민신문고 민원서비스 종합평가
산업통상부,GOV-M12,중앙행정기관,다,다,다,다,,다,,,,,,,,0,https://www.data.go.kr/data/15131141/fileData.do?recommendDataYn=Y,2025 국민신문고 민원서비스 종합평가
보건복지부,GOV-M13,중앙행정기관,나,가,나,다,,라,,,,,,,,0,https://www.data.go.kr/data/15131141/fileData.do?recommendDataYn=Y,2025 국민신문고 민원서비스 종합평가
기후에너지환경부,GOV-M14,중앙행정기관,나,가,다,다,,나,,,,,,,,0,https://www.data.go.kr/data/15131141/fileData.do?recommendDataYn=Y,2025 국민신문고 민원서비스 종합평가
고용노동부,GOV-M15,중앙행정기관,다,다,나,다,,다,,,,,,,,0,https://www.data.go.kr/data/15131141/fileData.do?recommendDataYn=Y,2025 국민신문고 민원서비스 종합평가
성평등가족부,GOV-M16,중앙행정기관,라,라,라,다,,다,,,,,,,,0,https://www.data.go.kr/data/15131141/fileData.do?recommendDataYn=Y,2025 국민신문고 민원서비스 종합평가
국토교통부,GOV-M17,중앙행정기관,다,다,다,다,,라,,,,,,,,0,https://www.data.go.kr/data/15131141/fileData.do?recommendDataYn=Y,2025 국민신문고 민원서비스 종합평가
해양수산부,GOV-M18,중앙행정기관,다,다,나,다,,다,,,,,,,,0,https://www.data.go.kr/data/15131141/fileData.do?recommendDataYn=Y,2025 국민신문고 민원서비스 종합평가
중소벤처기업부,GOV-M19,중앙행정기관,라,라,다,마,,나,,,,,,,,0,https://www.data.go.kr/data/15131141/fileData.do?recommendDataYn=Y,2025 국민신문고 민원서비스 종합평가
국가데이터처,GOV-M20,중앙행정기관,나,나,다,나,,다,,,,,,,,0,https://www.data.go.kr/data/15131141/fileData.do?recommendDataYn=Y,2025 국민신문고 민원서비스 종합평가
인사혁신처,GOV-M21,중앙행정기관,나,다,다,다,,가,,,,,,,,0,https://www.data.go.kr/data/15131141/fileData.do?recommendDataYn=Y,2025 국민신문고 민원서비스 종합평가
법제처,GOV-M22,중앙행정기관,다,다,다,라,,다,,,,,,,,0,https://www.data.go.kr/data/15131141/fileData.do?recommendDataYn=Y,2025 국민신문고 민원서비스 종합평가
식품의약품안전처,GOV-M23,중앙행정기관,가,가,가,가,,다,,,,,,,,0,https://www.data.go.kr/data/15131141/fileData.do?recommendDataYn=Y,2025 국민신문고 민원서비스 종합평가
국민권익위원회,GOV-M24,중앙행정기관,나,가,가,다,,라,,,,,,,,0,https://www.data.go.kr/data/15131141/fileData.do?recommendDataYn=Y,2025 국민신문고 민원서비스 종합평가
국세청,GOV-M25,중앙행정기관,다,다,나,라,,라,,,,,,,,0,https://www.data.go.kr/data/15131141/fileData.do?recommendDataYn=Y,2025 국민신문고 민원서비스 종합평가
관세청,GOV-M26,중앙행정기관,마,라,다,마,,다,,,,,,,,0,https://www.data.go.kr/data/15131141/fileData.do?recommendDataYn=Y,2025 국민신문고 민원서비스 종합평가
조달청,GOV-M27,중앙행정기관,가,가,나,가,,나,,,,,,,,0,https://www.data.go.kr/data/15131141/fileData.do?recommendDataYn=Y,2025 국민신문고 민원서비스 종합평가
공정거래위원회,GOV-M28,중앙행정기관,다,다,다,다,,마,,,,,,,,0,https://www.data.go.kr/data/15131141/fileData.do?recommendDataYn=Y,2025 국민신문고 민원서비스 종합평가
대검찰청,GOV-M29,중앙행정기관,라,라,다,라,,다,,,,,,,,0,https://www.data.go.kr/data/15131141/fileData.do?recommendDataYn=Y,2025 국민신문고 민원서비스 종합평가
경찰청,GOV-M30,중앙행정기관,나,나,나,나,,마,,,,,,,,0,https://www.data.go.kr/data/15131141/fileData.do?recommendDataYn=Y,2025 국민신문고 민원서비스 종합평가
소방청,GOV-M31,중앙행정기관,라,라,마,라,,나,,,,,,,,0,https://www.data.go.kr/data/15131141/fileData.do?recommendDataYn=Y,2025 국민신문고 민원서비스 종합평가
산림청,GOV-M32,중앙행정기관,라,라,라,다,,가,,,,,,,,0,https://www.data.go.kr/data/15131141/fileData.do?recommendDataYn=Y,2025 국민신문고 민원서비스 종합평가
지식재산처,GOV-M33,중앙행정기관,다,가,라,다,,라,,,,,,,,0,https://www.data.go.kr/data/15131141/fileData.do?recommendDataYn=Y,2025 국민신문고 민원서비스 종합평가
국가유산청,GOV-M34,중앙행정기관,다,다,다,나,,라,,,,,,,,0,https://www.data.go.kr/data/15131141/fileData.do?recommendDataYn=Y,2025 국민신문고 민원서비스 종합평가
기상청,GOV-M35,중앙행정기관,나,나,다,가,,다,,,,,,,,0,https://www.data.go.kr/data/15131141/fileData.do?recommendDataYn=Y,2025 국민신문고 민원서비스 종합평가
방위사업청,GOV-M36,중앙행정기관,가,가,나,나,,가,,,,,,,,0,https://www.data.go.kr/data/15131141/fileData.do?recommendDataYn=Y,2025 국민신문고 민원서비스 종합평가
병무청,GOV-M37,중앙행정기관,가,다,가,가,,다,,,,,,,,0,https://www.data.go.kr/data/15131141/fileData.do?recommendDataYn=Y,2025 국민신문고 민원서비스 종합평가
해양경찰청,GOV-M38,중앙행정기관,라,라,라,라,,다,,,,,,,,0,https://www.data.go.kr/data/15131141/fileData.do?recommendDataYn=Y,2025 국민신문고 민원서비스 종합평가
질병관리청,GOV-M39,중앙행정기관,다,다,라,다,,나,,,,,,,,0,https://www.data.go.kr/data/15131141/fileData.do?recommendDataYn=Y,2025 국민신문고 민원서비스 종합평가
새만금개발청,GOV-M40,중앙행정기관,마,마,마,마,,가,,,,,,,,0,https://www.data.go.kr/data/15131141/fileData.do?recommendDataYn=Y,2025 국민신문고 민원서비스 종합평가
서울특별시,GOV-C01,광역시도,나,다,가,다,가,마,,,,,,,,0,https://www.data.go.kr/data/15131141/fileData.do?recommendDataYn=Y,2025 국민신문고 민원서비스 종합평가
부산광역시,GOV-C02,광역시도,다,라,가,나,마,가,,,,,,,,0,https://www.data.go.kr/data/15131141/fileData.do?recommendDataYn=Y,2025 국민신문고 민원서비스 종합평가
대구광역시,GOV-C03,광역시도,가,다,다,가,나,라,,,,,,,,0,https://www.data.go.kr/data/15131141/fileData.do?recommendDataYn=Y,2025 국민신문고 민원서비스 종합평가
인천광역시,GOV-C04,광역시도,다,가,다,다,라,다,,,,,,,,0,https://www.data.go.kr/data/15131141/fileData.do?recommendDataYn=Y,2025 국민신문고 민원서비스 종합평가
광주광역시,GOV-C05,광역시도,가,가,다,가,나,다,,,,,,,,0,https://www.data.go.kr/data/15131141/fileData.do?recommendDataYn=Y,2025 국민신문고 민원서비스 종합평가
대전광역시,GOV-C06,광역시도,다,나,다,다,라,다,,,,,,,,0,https://www.data.go.kr/data/15131141/fileData.do?recommendDataYn=Y,2025 국민신문고 민원서비스 종합평가
울산광역시,GOV-C07,광역시도,라,마,마,다,다,다,,,,,,,,0,https://www.data.go.kr/data/15131141/fileData.do?recommendDataYn=Y,2025 국민신문고 민원서비스 종합평가
세종특별자치시,GOV-C08,광역시도,나,나,다,나,나,나,,,,,,,,0,https://www.data.go.kr/data/15131141/fileData.do?recommendDataYn=Y,2025 국민신문고 민원서비스 종합평가
경기도,GOV-C09,광역시도,라,라,다,라,다,라,,,,,,,,0,https://www.data.go.kr/data/15131141/fileData.do?recommendDataYn=Y,2025 국민신문고 민원서비스 종합평가
강원특별자치도,GOV-C10,광역시도,마,마,라,마,다,가,,,,,,,,0,https://www.data.go.kr/data/15131141/fileData.do?recommendDataYn=Y,2025 국민신문고 민원서비스 종합평가
충청북도,GOV-C11,광역시도,다,다,마,다,다,나,,,,,,,,0,https://www.data.go.kr/data/15131141/fileData.do?recommendDataYn=Y,2025 국민신문고 민원서비스 종합평가
충청남도,GOV-C12,광역시도,다,다,라,라,다,라,,,,,,,,0,https://www.data.go.kr/data/15131141/fileData.do?recommendDataYn=Y,2025 국민신문고 민원서비스 종합평가
전북특별자치도,GOV-C13,광역시도,라,다,다,라,다,마,,,,,,,,0,https://www.data.go.kr/data/15131141/fileData.do?recommendDataYn=Y,2025 국민신문고 민원서비스 종합평가
전라남도,GOV-C14,광역시도,다,라,나,다,다,다,,,,,,,,0,https://www.data.go.kr/data/15131141/fileData.do?recommendDataYn=Y,2025 국민신문고 민원서비스 종합평가
경상북도,GOV-C15,광역시도,마,나,나,마,마,다,,,,,,,,0,https://www.data.go.kr/data/15131141/fileData.do?recommendDataYn=Y,2025 국민신문고 민원서비스 종합평가
경상남도,GOV-C16,광역시도,다,다,라,다,라,다,,,,,,,,0,https://www.data.go.kr/data/15131141/fileData.do?recommendDataYn=Y,2025 국민신문고 민원서비스 종합평가
제주특별자치도,GOV-C17,광역시도,나,다,나,나,가,나,,,,,,,,0,https://www.data.go.kr/data/15131141/fileData.do?recommendDataYn=Y,2025 국민신문고 민원서비스 종합평가
경기도 수원시,GOV-C18,기초자치단체,가,다,가,나,가,가,,,,,,,,0,https://www.data.go.kr/data/15131141/fileData.do?recommendDataYn=Y,2025 국민신문고 민원서비스 종합평가
경기도 용인시,GOV-C19,기초자치단체,나,다,나,다,다,가,,,,,,,,0,https://www.data.go.kr/data/15131141/fileData.do?recommendDataYn=Y,2025 국민신문고 민원서비스 종합평가
경기도 고양시,GOV-C20,기초자치단체,다,다,다,나,나,다,,,,,,,,0,https://www.data.go.kr/data/15131141/fileData.do?recommendDataYn=Y,2025 국민신문고 민원서비스 종합평가
경기도 화성시,GOV-C21,기초자치단체,다,라,다,라,가,라,,,,,,,,0,https://www.data.go.kr/data/15131141/fileData.do?recommendDataYn=Y,2025 국민신문고 민원서비스 종합평가
경기도 성남시,GOV-C22,기초자치단체,다,라,라,라,나,나,,,,,,,,0,https://www.data.go.kr/data/15131141/fileData.do?recommendDataYn=Y,2025 국민신문고 민원서비스 종합평가
경기도 부천시,GOV-C23,기초자치단체,가,다,가,다,가,나,,,,,,,,0,https://www.data.go.kr/data/15131141/fileData.do?recommendDataYn=Y,2025 국민신문고 민원서비스 종합평가
경기도 남양주시,GOV-C24,기초자치단체,나,나,가,다,나,다,,,,,,,,0,https://www.data.go.kr/data/15131141/fileData.do?recommendDataYn=Y,2025 국민신문고 민원서비스 종합평가
경기도 안산시,GOV-C25,기초자치단체,다,라,다,다,다,다,,,,,,,,0,https://www.data.go.kr/data/15131141/fileData.do?recommendDataYn=Y,2025 국민신문고 민원서비스 종합평가
경기도 평택시,GOV-C26,기초자치단체,나,나,나,다,가,다,,,,,,,,0,https://www.data.go.kr/data/15131141/fileData.do?recommendDataYn=Y,2025 국민신문고 민원서비스 종합평가
경기도 안양시,GOV-C27,기초자치단체,가,나,나,다,나,나,,,,,,,,0,https://www.data.go.kr/data/15131141/fileData.do?recommendDataYn=Y,2025 국민신문고 민원서비스 종합평가
경기도 시흥시,GOV-C28,기초자치단체,가,다,가,나,가,라,,,,,,,,0,https://www.data.go.kr/data/15131141/fileData.do?recommendDataYn=Y,2025 국민신문고 민원서비스 종합평가
경기도 김포시,GOV-C29,기초자치단체,나,가,나,가,다,라,,,,,,,,0,https://www.data.go.kr/data/15131141/fileData.do?recommendDataYn=Y,2025 국민신문고 민원서비스 종합평가
경기도 파주시,GOV-C30,기초자치단체,가,가,가,나,나,나,,,,,,,,0,https://www.data.go.kr/data/15131141/fileData.do?recommendDataYn=Y,2025 국민신문고 민원서비스 종합평가
경기도 의정부시,GOV-C31,기초자치단체,나,나,나,가,다,라,,,,,,,,0,https://www.data.go.kr/data/15131141/fileData.do?recommendDataYn=Y,2025 국민신문고 민원서비스 종합평가
경기도 광주시,GOV-C32,기초자치단체,나,다,라,가,다,가,,,,,,,,0,https://www.data.go.kr/data/15131141/fileData.do?recommendDataYn=Y,2025 국민신문고 민원서비스 종합평가
경기도 이천시,GOV-C33,기초자치단체,다,나,다,다,다,라,,,,,,,,0,https://www.data.go.kr/data/15131141/fileData.do?recommendDataYn=Y,2025 국민신문고 민원서비스 종합평가
충청북도 청주시,GOV-C34,기초자치단체,나,나,다,나,나,다,,,,,,,,0,https://www.data.go.kr/data/15131141/fileData.do?recommendDataYn=Y,2025 국민신문고 민원서비스 종합평가
충청북도 충주시,GOV-C35,기초자치단체,다,가,가,다,라,마,,,,,,,,0,https://www.data.go.kr/data/15131141/fileData.do?recommendDataYn=Y,2025 국민신문고 민원서비스 종합평가
충청북도 제천시,GOV-C36,기초자치단체,나,다,다,라,가,다,,,,,,,,0,https://www.data.go.kr/data/15131141/fileData.do?recommendDataYn=Y,2025 국민신문고 민원서비스 종합평가
충청남도 천안시,GOV-C37,기초자치단체,다,다,라,다,다,다,,,,,,,,0,https://www.data.go.kr/data/15131141/fileData.do?recommendDataYn=Y,2025 국민신문고 민원서비스 종합평가
충청남도 아산시,GOV-C38,기초자치단체,다,다,라,라,나,다,,,,,,,,0,https://www.data.go.kr/data/15131141/fileData.do?recommendDataYn=Y,2025 국민신문고 민원서비스 종합평가
충청남도 서산시,GOV-C39,기초자치단체,다,다,다,나,다,라,,,,,,,,0,https://www.data.go.kr/data/15131141/fileData.do?recommendDataYn=Y,2025 국민신문고 민원서비스 종합평가
충청남도 당진시,GOV-C40,기초자치단체,라,나,마,마,다,나,,,,,,,,0,https://www.data.go.kr/data/15131141/fileData.do?recommendDataYn=Y,2025 국민신문고 민원서비스 종합평가
전북특별자치도 전주시,GOV-C41,기초자치단체,라,라,라,라,라,라,,,,,,,,0,https://www.data.go.kr/data/15131141/fileData.do?recommendDataYn=Y,2025 국민신문고 민원서비스 종합평가
전북특별자치도 익산시,GOV-C42,기초자치단체,라,다,라,라,다,마,,,,,,,,0,https://www.data.go.kr/data/15131141/fileData.do?recommendDataYn=Y,2025 국민신문고 민원서비스 종합평가
전북특별자치도 군산시,GOV-C43,기초자치단체,라,라,다,다,라,라,,,,,,,,0,https://www.data.go.kr/data/15131141/fileData.do?recommendDataYn=Y,2025 국민신문고 민원서비스 종합평가
전라남도 목포시,GOV-C44,기초자치단체,라,다,라,라,라,다,,,,,,,,0,https://www.data.go.kr/data/15131141/fileData.do?recommendDataYn=Y,2025 국민신문고 민원서비스 종합평가
전라남도 여수시,GOV-C45,기초자치단체,다,라,다,나,나,나,,,,,,,,0,https://www.data.go.kr/data/15131141/fileData.do?recommendDataYn=Y,2025 국민신문고 민원서비스 종합평가
전라남도 순천시,GOV-C46,기초자치단체,라,라,다,마,다,라,,,,,,,,0,https://www.data.go.kr/data/15131141/fileData.do?recommendDataYn=Y,2025 국민신문고 민원서비스 종합평가
전라남도 광양시,GOV-C47,기초자치단체,나,가,가,가,다,다,,,,,,,,0,https://www.data.go.kr/data/15131141/fileData.do?recommendDataYn=Y,2025 국민신문고 민원서비스 종합평가
경상북도 포항시,GOV-C48,기초자치단체,라,라,다,다,마,다,,,,,,,,0,https://www.data.go.kr/data/15131141/fileData.do?recommendDataYn=Y,2025 국민신문고 민원서비스 종합평가
경상북도 구미시,GOV-C49,기초자치단체,마,라,라,다,마,라,,,,,,,,0,https://www.data.go.kr/data/15131141/fileData.do?recommendDataYn=Y,2025 국민신문고 민원서비스 종합평가
경상북도 경산시,GOV-C50,기초자치단체,다,다,나,가,라,나,,,,,,,,0,https://www.data.go.kr/data/15131141/fileData.do?recommendDataYn=Y,2025 국민신문고 민원서비스 종합평가
경상북도 경주시,GOV-C51,기초자치단체,라,라,다,마,마,마,,,,,,,,0,https://www.data.go.kr/data/15131141/fileData.do?recommendDataYn=Y,2025 국민신문고 민원서비스 종합평가
경상북도 안동시,GOV-C52,기초자치단체,다,나,나,나,다,라,,,,,,,,0,https://www.data.go.kr/data/15131141/fileData.do?recommendDataYn=Y,2025 국민신문고 민원서비스 종합평가
경상남도 창원시,GOV-C53,기초자치단체,다,가,다,다,라,마,,,,,,,,0,https://www.data.go.kr/data/15131141/fileData.do?recommendDataYn=Y,2025 국민신문고 민원서비스 종합평가
경상남도 김해시,GOV-C54,기초자치단체,다,다,다,나,다,나,,,,,,,,0,https://www.data.go.kr/data/15131141/fileData.do?recommendDataYn=Y,2025 국민신문고 민원서비스 종합평가
경상남도 양산시,GOV-C55,기초자치단체,다,라,다,나,다,다,,,,,,,,0,https://www.data.go.kr/data/15131141/fileData.do?recommendDataYn=Y,2025 국민신문고 민원서비스 종합평가
경상남도 진주시,GOV-C56,기초자치단체,다,가,나,다,다,다,,,,,,,,0,https://www.data.go.kr/data/15131141/fileData.do?recommendDataYn=Y,2025 국민신문고 민원서비스 종합평가
경상남도 거제시,GOV-C57,기초자치단체,라,다,라,다,라,라,,,,,,,,0,https://www.data.go.kr/data/15131141/fileData.do?recommendDataYn=Y,2025 국민신문고 민원서비스 종합평가
강원특별자치도 원주시,GOV-C58,기초자치단체,나,나,다,다,나,다,,,,,,,,0,https://www.data.go.kr/data/15131141/fileData.do?recommendDataYn=Y,2025 국민신문고 민원서비스 종합평가
강원특별자치도 춘천시,GOV-C59,기초자치단체,나,다,다,나,다,가,,,,,,,,0,https://www.data.go.kr/data/15131141/fileData.do?recommendDataYn=Y,2025 국민신문고 민원서비스 종합평가
강원특별자치도 강릉시,GOV-C60,기초자치단체,다,다,나,라,라,다,,,,,,,,0,https://www.data.go.kr/data/15131141/fileData.do?recommendDataYn=Y,2025 국민신문고 민원서비스 종합평가
