institution,external_id,school_type,region_group,competition_rate,freshman_fill_rate,international_student_rate,program_distinctiveness,specialization_concentration,retention_rate,dropout_rate,scholarship_per_student,education_spend_per_student,dorm_capacity_rate,faculty_capacity_rate,library_resources_per_student,employment_rate,research_per_faculty,industry_revenue_per_student,tech_transfer_income,disclosure_completeness,financial_stability,education_condition_trend,freshness_days,evidence_url,note
서울대학교,UNI-U01,4년제,수도권,6.5,99.7,7.6495,,,,,3406001.3,65091.7,22.7,121.57,181.3,65.6,,,,100.0,1068.5134,,0,https://www.data.go.kr/data/15118998/fileData.do,대학알리미 최신 대학주요정보(지표별 2025~2026 공시)
연세대학교,UNI-U02,4년제,수도권,10.9,99.8,22.2745,,,,,4014462.6,41612.8,35,99.79,90.4,67.3,,,,100.0,417.8915,,0,https://www.data.go.kr/data/15118998/fileData.do,대학알리미 최신 대학주요정보(지표별 2025~2026 공시)
고려대학교,UNI-U03,4년제,수도권,14.6,99.6,23.439,,,,,3691037.1,34697.6,11.5,96.28,109,69.9,,,,100.0,381.653,,0,https://www.data.go.kr/data/15118998/fileData.do,대학알리미 최신 대학주요정보(지표별 2025~2026 공시)
성균관대학교,UNI-U04,4년제,수도권,22.8,99.4,22.2946,,,,,3772884.3,33206.4,20.2,101.24,83.3,71.3,,,,100.0,363.09,,0,https://www.data.go.kr/data/15118998/fileData.do,대학알리미 최신 대학주요정보(지표별 2025~2026 공시)
한양대학교,UNI-U05,4년제,수도권,21.7,99.1,26.1183,,,,,3758936.7,29116.8,15.6,80.45,74.2,68.9,,,,100.0,313.4243,,0,https://www.data.go.kr/data/15118998/fileData.do,대학알리미 최신 대학주요정보(지표별 2025~2026 공시)
중앙대학교,UNI-U06,4년제,수도권,22.2,99.5,25.5483,,,,,3534708.5,19670.6,12.7,85.84,81.2,67.6,,,,100.0,229.0688,,0,https://www.data.go.kr/data/15118998/fileData.do,대학알리미 최신 대학주요정보(지표별 2025~2026 공시)
경희대학교,UNI-U07,4년제,수도권,15.6,100,13.7842,,,,,3677142.7,20207.0,17.1,77.77,78.9,64.8,,,,100.0,232.235,,0,https://www.data.go.kr/data/15118998/fileData.do,대학알리미 최신 대학주요정보(지표별 2025~2026 공시)
한국외국어대학교,UNI-U08,4년제,수도권,15.1,99.9,17.2915,,,,,3177578.9,12730.0,18.2,69.22,110.8,64.5,,,,100.0,163.3769,,0,https://www.data.go.kr/data/15118998/fileData.do,대학알리미 최신 대학주요정보(지표별 2025~2026 공시)
서울시립대학교,UNI-U09,4년제,수도권,14.5,100,8.3119,,,,,2521569.6,20725.6,11.1,78.23,108.7,63.6,,,,100.0,818.6759,,0,https://www.data.go.kr/data/15118998/fileData.do,대학알리미 최신 대학주요정보(지표별 2025~2026 공시)
건국대학교,UNI-U10,4년제,수도권,21.1,100,17.5241,,,,,3760561.8,18245.3,17.1,56,67.4,66.8,,,,100.0,203.0414,,0,https://www.data.go.kr/data/15118998/fileData.do,대학알리미 최신 대학주요정보(지표별 2025~2026 공시)
동국대학교,UNI-U11,4년제,수도권,18.7,100,21.2009,,,,,3933921.7,19175.8,13.7,74.34,95.9,66.3,,,,100.0,221.5242,,0,https://www.data.go.kr/data/15118998/fileData.do,대학알리미 최신 대학주요정보(지표별 2025~2026 공시)
홍익대학교,UNI-U12,4년제,수도권,18.1,99.8,11.3141,,,,,4255961.6,14475.6,9.6,66,85.6,65.6,,,,100.0,159.0498,,0,https://www.data.go.kr/data/15118998/fileData.do,대학알리미 최신 대학주요정보(지표별 2025~2026 공시)
이화여자대학교,UNI-U13,4년제,수도권,11.6,99.5,14.3976,,,,,3629283.9,22741.2,21.1,82.67,75.4,64.6,,,,100.0,244.2297,,0,https://www.data.go.kr/data/15118998/fileData.do,대학알리미 최신 대학주요정보(지표별 2025~2026 공시)
숙명여자대학교,UNI-U14,4년제,수도권,12,99.9,11.5223,,,,,4016935.9,17620.3,12,70.05,100.5,62.5,,,,100.0,199.6521,,0,https://www.data.go.kr/data/15118998/fileData.do,대학알리미 최신 대학주요정보(지표별 2025~2026 공시)
국민대학교,UNI-U15,4년제,수도권,20.3,99.8,11.1126,,,,,4188067.7,18664.5,13.3,73.39,78.4,66.5,,,,100.0,216.6059,,0,https://www.data.go.kr/data/15118998/fileData.do,대학알리미 최신 대학주요정보(지표별 2025~2026 공시)
숭실대학교,UNI-U16,4년제,수도권,15.3,99.9,16.4565,,,,,3699397,15229.4,11.6,67.41,72.8,67.7,,,,100.0,176.1969,,0,https://www.data.go.kr/data/15118998/fileData.do,대학알리미 최신 대학주요정보(지표별 2025~2026 공시)
세종대학교,UNI-U17,4년제,수도권,15.9,100,21.7745,,,,,3417767.7,18094.0,11.4,66.01,62.1,61.5,,,,100.0,209.155,,0,https://www.data.go.kr/data/15118998/fileData.do,대학알리미 최신 대학주요정보(지표별 2025~2026 공시)
서강대학교,UNI-U18,4년제,수도권,21.2,98.5,28.8751,,,,,3480684.4,21230.0,11.3,65,112.3,73.1,,,,100.0,244.0595,,0,https://www.data.go.kr/data/15118998/fileData.do,대학알리미 최신 대학주요정보(지표별 2025~2026 공시)
한국과학기술원,UNI-U19,4년제,비수도권,10.5,99.9,11.5746,,,,,7292869.2,106084.0,55.2,88.69,83.9,68.5,,,,100.0,1545.0626,,0,https://www.data.go.kr/data/15118998/fileData.do,대학알리미 최신 대학주요정보(지표별 2025~2026 공시)
포항공과대학교,UNI-U20,4년제,비수도권,9.4,100,2.6017,,,,,8041517.7,135535.7,85.9,119.51,109.7,79.8,,,,100.0,2414.4598,,0,https://www.data.go.kr/data/15118998/fileData.do,대학알리미 최신 대학주요정보(지표별 2025~2026 공시)
서울과학기술대학교,UNI-U21,4년제,수도권,13.7,99.8,11.7189,,,,,3519865.5,21136.7,22.7,65.71,71.8,63.6,,,,100.0,384.6883,,0,https://www.data.go.kr/data/15118998/fileData.do,대학알리미 최신 대학주요정보(지표별 2025~2026 공시)
광운대학교,UNI-U22,4년제,수도권,14.1,100,12.2721,,,,,3628681.5,16785.6,12.3,60.78,72.6,61,,,,100.0,195.2813,,0,https://www.data.go.kr/data/15118998/fileData.do,대학알리미 최신 대학주요정보(지표별 2025~2026 공시)
명지대학교,UNI-U23,4년제,수도권,11.5,99.8,5.3499,,,,,4035019.4,14433.2,31.4,71.95,110.4,65.3,,,,100.0,146.837,,0,https://www.data.go.kr/data/15118998/fileData.do,대학알리미 최신 대학주요정보(지표별 2025~2026 공시)
상명대학교,UNI-U24,4년제,수도권,16.1,100,2.3697,,,,,4033378.7,14476.4,8.9,69.5,93.4,63.4,,,,100.0,171.9818,,0,https://www.data.go.kr/data/15118998/fileData.do,대학알리미 최신 대학주요정보(지표별 2025~2026 공시)
성신여자대학교,UNI-U25,4년제,수도권,11,99.8,15.4373,,,,,4011931.7,13968.0,10.2,65.48,85,60.4,,,,100.0,165.5408,,0,https://www.data.go.kr/data/15118998/fileData.do,대학알리미 최신 대학주요정보(지표별 2025~2026 공시)
덕성여자대학교,UNI-U26,4년제,수도권,15.8,99.8,13.5821,,,,,3539790.8,14203.1,15.3,74.05,140.1,60.5,,,,100.0,181.8392,,0,https://www.data.go.kr/data/15118998/fileData.do,대학알리미 최신 대학주요정보(지표별 2025~2026 공시)
동덕여자대학교,UNI-U27,4년제,수도권,10.9,99.9,1.6996,,,,,3712810.1,12819.4,12.7,58.52,81.3,61.9,,,,100.0,157.75,,0,https://www.data.go.kr/data/15118998/fileData.do,대학알리미 최신 대학주요정보(지표별 2025~2026 공시)
서울여자대학교,UNI-U28,4년제,수도권,14.7,99.9,17.3992,,,,,3819483.7,12965.8,11.6,58.82,103,62.1,,,,100.0,157.2661,,0,https://www.data.go.kr/data/15118998/fileData.do,대학알리미 최신 대학주요정보(지표별 2025~2026 공시)
가톨릭대학교,UNI-U29,4년제,수도권,14.7,100,24.6134,,,,,3624472.8,29110.8,21.4,53.91,105.9,62.5,,,,100.0,376.8291,,0,https://www.data.go.kr/data/15118998/fileData.do,대학알리미 최신 대학주요정보(지표별 2025~2026 공시)
아주대학교,UNI-U30,4년제,수도권,17.2,99.7,24.7861,,,,,3823478.5,29543.8,28.4,91.98,81.1,69.3,,,,100.0,324.8999,,0,https://www.data.go.kr/data/15118998/fileData.do,대학알리미 최신 대학주요정보(지표별 2025~2026 공시)
인하대학교,UNI-U31,4년제,수도권,12.8,100,10.8063,,,,,3949700.9,21972.0,12.4,79.71,79.6,68.5,,,,100.0,258.7864,,0,https://www.data.go.kr/data/15118998/fileData.do,대학알리미 최신 대학주요정보(지표별 2025~2026 공시)
가천대학교,UNI-U32,4년제,수도권,24.8,99.9,23.9443,,,,,3550899.7,15932.4,12.5,77.59,50.1,66.5,,,,100.0,175.1891,,0,https://www.data.go.kr/data/15118998/fileData.do,대학알리미 최신 대학주요정보(지표별 2025~2026 공시)
단국대학교,UNI-U33,4년제,수도권,14.5,99.7,8.6531,,,,,3720813.7,16450.6,19.2,65.49,74.1,59.5,,,,100.0,187.8587,,0,https://www.data.go.kr/data/15118998/fileData.do,대학알리미 최신 대학주요정보(지표별 2025~2026 공시)
경기대학교,UNI-U34,4년제,수도권,13.4,99.9,7.7537,,,,,4230983,12413.3,17.8,67.36,73.1,62.1,,,,100.0,154.6097,,0,https://www.data.go.kr/data/15118998/fileData.do,대학알리미 최신 대학주요정보(지표별 2025~2026 공시)
한림대학교,UNI-U35,4년제,비수도권,5.8,100,2.3125,,,,,3907445.2,31999.2,33.1,154.02,94.3,62.6,,,,100.0,388.9676,,0,https://www.data.go.kr/data/15118998/fileData.do,대학알리미 최신 대학주요정보(지표별 2025~2026 공시)
강원대학교,UNI-U36,4년제,비수도권,9.2,100,9.4614,,,,,3294645.8,24018.4,26.5,91.16,76.3,57.7,,,,100.0,566.9798,,0,https://www.data.go.kr/data/15118998/fileData.do,대학알리미 최신 대학주요정보(지표별 2025~2026 공시)
부산대학교,UNI-U37,4년제,비수도권,9,99.8,6.1928,,,,,3444068.6,27124.7,20.3,92.01,95.9,57.5,,,,100.0,600.8351,,0,https://www.data.go.kr/data/15118998/fileData.do,대학알리미 최신 대학주요정보(지표별 2025~2026 공시)
경북대학교,UNI-U38,4년제,비수도권,13.2,99.9,7.3277,,,,,3341762.4,27551.8,23.7,89.17,126.4,57.8,,,,100.0,608.503,,0,https://www.data.go.kr/data/15118998/fileData.do,대학알리미 최신 대학주요정보(지표별 2025~2026 공시)
전남대학교,UNI-U39,4년제,비수도권,7.3,100,5.4334,,,,,3640623.9,26926.5,23.2,95.98,86.7,57.6,,,,100.0,637.6456,,0,https://www.data.go.kr/data/15118998/fileData.do,대학알리미 최신 대학주요정보(지표별 2025~2026 공시)
전북대학교,UNI-U40,4년제,비수도권,7.8,99.9,14.6945,,,,,3362326.4,25093.5,24.6,87.28,82.4,58.9,,,,100.0,562.4454,,0,https://www.data.go.kr/data/15118998/fileData.do,대학알리미 최신 대학주요정보(지표별 2025~2026 공시)
충남대학교,UNI-U41,4년제,비수도권,9.8,99.9,4.4888,,,,,2995863.1,23562.3,21.5,86.23,84.3,61.1,,,,100.0,535.2878,,0,https://www.data.go.kr/data/15118998/fileData.do,대학알리미 최신 대학주요정보(지표별 2025~2026 공시)
충북대학교,UNI-U42,4년제,비수도권,12.2,100.9,8.278,,,,,3104757.7,25499.8,24.4,89.01,89.5,56.8,,,,100.0,592.2336,,0,https://www.data.go.kr/data/15118998/fileData.do,대학알리미 최신 대학주요정보(지표별 2025~2026 공시)
제주대학교,UNI-U43,4년제,비수도권,7.6,99.7,3.5032,,,,,3502775.4,25524.9,27.7,111.13,125.5,59.6,,,,100.0,628.5992,,0,https://www.data.go.kr/data/15118998/fileData.do,대학알리미 최신 대학주요정보(지표별 2025~2026 공시)
영남대학교,UNI-U44,4년제,비수도권,6.9,100,8.2567,,,,,4488667.5,16432.8,14,74.29,78.5,51.4,,,,100.0,203.5576,,0,https://www.data.go.kr/data/15118998/fileData.do,대학알리미 최신 대학주요정보(지표별 2025~2026 공시)
계명대학교,UNI-U45,4년제,비수도권,8.5,100,16.6675,,,,,4425538.9,16299.8,13.4,70.27,93,54.4,,,,100.0,197.8948,,0,https://www.data.go.kr/data/15118998/fileData.do,대학알리미 최신 대학주요정보(지표별 2025~2026 공시)
동아대학교,UNI-U46,4년제,비수도권,6.9,99.9,11.9674,,,,,4134586.3,15683.6,13.3,75.16,73.5,57.4,,,,100.0,198.6246,,0,https://www.data.go.kr/data/15118998/fileData.do,대학알리미 최신 대학주요정보(지표별 2025~2026 공시)
국립부경대학교,UNI-U47,4년제,비수도권,9.3,99.9,8.3492,,,,,3563536.4,21275.3,22.4,71.9,76.6,56.3,,,,100.0,525.355,,0,https://www.data.go.kr/data/15118998/fileData.do,대학알리미 최신 대학주요정보(지표별 2025~2026 공시)
조선대학교,UNI-U48,4년제,비수도권,6,99.8,1.824,,,,,4213829.2,16682.5,12.6,73.37,77.5,56.6,,,,100.0,216.1226,,0,https://www.data.go.kr/data/15118998/fileData.do,대학알리미 최신 대학주요정보(지표별 2025~2026 공시)
원광대학교,UNI-U49,4년제,비수도권,5.9,99.6,3.7302,,,,,4463068.1,17576.8,26.9,86.54,111.1,59.5,,,,100.0,216.6098,,0,https://www.data.go.kr/data/15118998/fileData.do,대학알리미 최신 대학주요정보(지표별 2025~2026 공시)
순천향대학교,UNI-U50,4년제,비수도권,9.2,100.3,5.8633,,,,,4242503.3,24979.5,38.7,151.88,77.8,62.8,,,,100.0,292.476,,0,https://www.data.go.kr/data/15118998/fileData.do,대학알리미 최신 대학주요정보(지표별 2025~2026 공시)
을지대학교,UNI-U51,4년제,비수도권,12.6,100,0.5102,,,,,1663524.2,20648.5,33.6,763.16,56,69.7,,,,100.0,183.0476,,0,https://www.data.go.kr/data/15118998/fileData.do,대학알리미 최신 대학주요정보(지표별 2025~2026 공시)
인제대학교,UNI-U52,4년제,비수도권,4.9,100,17.6497,,,,,4494870.6,23191.7,26.6,183.45,120.5,59.2,,,,100.0,292.5807,,0,https://www.data.go.kr/data/15118998/fileData.do,대학알리미 최신 대학주요정보(지표별 2025~2026 공시)
경상국립대학교,UNI-U53,4년제,비수도권,8.1,99.9,2.2407,,,,,3773371.6,23322.3,27.2,99.62,82.4,54.1,,,,100.0,569.4338,,0,https://www.data.go.kr/data/15118998/fileData.do,대학알리미 최신 대학주요정보(지표별 2025~2026 공시)
한국항공대학교,UNI-U54,4년제,수도권,14.3,100.7,6.0445,,,,,4078687.5,25513.9,16.4,65.37,69.1,69.2,,,,100.0,277.0149,,0,https://www.data.go.kr/data/15118998/fileData.do,대학알리미 최신 대학주요정보(지표별 2025~2026 공시)
한국외국어대학교,UNI-U55,4년제,수도권,15.1,99.9,17.2915,,,,,3177578.9,12730.0,18.2,69.22,110.8,64.5,,,,100.0,163.3769,,0,https://www.data.go.kr/data/15118998/fileData.do,대학알리미 최신 대학주요정보(지표별 2025~2026 공시)
건양대학교,UNI-U56,4년제,비수도권,7.1,99.2,23.4152,,,,,4785366.2,20095.9,50.1,91.07,70.8,72.8,,,,100.0,295.0593,,0,https://www.data.go.kr/data/15118998/fileData.do,대학알리미 최신 대학주요정보(지표별 2025~2026 공시)
청주대학교,UNI-U57,4년제,비수도권,7.1,99.8,14.0594,,,,,4109265.8,12983.0,19.2,60.29,113.6,63.9,,,,100.0,156.0551,,0,https://www.data.go.kr/data/15118998/fileData.do,대학알리미 최신 대학주요정보(지표별 2025~2026 공시)
국립한밭대학교,UNI-U58,4년제,비수도권,9.1,100,4.5548,,,,,3340340.9,19832.0,17.8,69.82,80.1,59.7,,,,100.0,442.6885,,0,https://www.data.go.kr/data/15118998/fileData.do,대학알리미 최신 대학주요정보(지표별 2025~2026 공시)
국립공주대학교,UNI-U59,4년제,비수도권,9.9,100,2.8827,,,,,3390554,17198.1,34,78.49,80.9,58.9,,,,100.0,442.8163,,0,https://www.data.go.kr/data/15118998/fileData.do,대학알리미 최신 대학주요정보(지표별 2025~2026 공시)
국립목포대학교,UNI-U60,4년제,비수도권,6.1,99.9,2.5523,,,,,4350105.5,24100.3,20.2,104.9,107.6,67.5,,,,100.0,622.5376,,0,https://www.data.go.kr/data/15118998/fileData.do,대학알리미 최신 대학주요정보(지표별 2025~2026 공시)
인하공업전문대학,UNI-C01,전문대,수도권,10.3,100,1.4551,,,,,4486074.8,12199.7,8.1,54.93,31.5,68.1,,,,100.0,166.6899,,0,https://www.data.go.kr/data/15118998/fileData.do,대학알리미 최신 대학주요정보(지표별 2025~2026 공시)
명지전문대학,UNI-C02,전문대,수도권,13.5,100,6.2287,,,,,4276975.4,11231.2,3.3,49.67,42,64.7,,,,100.0,156.7728,,0,https://www.data.go.kr/data/15118998/fileData.do,대학알리미 최신 대학주요정보(지표별 2025~2026 공시)
동양미래대학교,UNI-C03,전문대,수도권,7.9,100,0.3228,,,,,4230778.2,11312.2,2,60.75,49.5,67.8,,,,100.0,156.3041,,0,https://www.data.go.kr/data/15118998/fileData.do,대학알리미 최신 대학주요정보(지표별 2025~2026 공시)
서일대학교,UNI-C04,전문대,수도권,10.9,100,3.9393,,,,,3843714,10125.9,0,53.26,34.2,65.4,,,,100.0,146.5504,,0,https://www.data.go.kr/data/15118998/fileData.do,대학알리미 최신 대학주요정보(지표별 2025~2026 공시)
한양여자대학교,UNI-C05,전문대,수도권,11.7,100,0.7682,,,,,3761216.3,10981.4,0.5,56.39,46.2,65.4,,,,100.0,162.4203,,0,https://www.data.go.kr/data/15118998/fileData.do,대학알리미 최신 대학주요정보(지표별 2025~2026 공시)
경인여자대학교,UNI-C06,전문대,수도권,8.7,100,10.3596,,,,,4342964.2,12977.1,0.1,52.94,73.4,65.3,,,,100.0,186.153,,0,https://www.data.go.kr/data/15118998/fileData.do,대학알리미 최신 대학주요정보(지표별 2025~2026 공시)
재능대학교,UNI-C07,전문대,수도권,9.1,100,10.0835,,,,,4201225.8,13559.1,10.7,66.67,46.3,67.4,,,,100.0,188.3391,,0,https://www.data.go.kr/data/15118998/fileData.do,대학알리미 최신 대학주요정보(지표별 2025~2026 공시)
대림대학교,UNI-C08,전문대,수도권,8.6,99.7,3.7279,,,,,3970762.3,12189.4,0.6,54.81,34.3,79.8,,,,100.0,165.6326,,0,https://www.data.go.kr/data/15118998/fileData.do,대학알리미 최신 대학주요정보(지표별 2025~2026 공시)
유한대학교,UNI-C09,전문대,수도권,9.8,100,0.3742,,,,,4061705.2,11071.8,0,58.33,54,67.4,,,,100.0,163.8664,,0,https://www.data.go.kr/data/15118998/fileData.do,대학알리미 최신 대학주요정보(지표별 2025~2026 공시)
수원과학대학교,UNI-C10,전문대,수도권,9.2,98.7,0.2455,,,,,3073603.8,12505.9,0,53.45,78.3,66.5,,,,100.0,208.0468,,0,https://www.data.go.kr/data/15118998/fileData.do,대학알리미 최신 대학주요정보(지표별 2025~2026 공시)
두원공과대학교,UNI-C11,전문대,수도권,8.7,94.6,3.6668,,,,,4015017.6,15883.2,22.6,78.4,67,69.7,,,,100.0,226.2629,,0,https://www.data.go.kr/data/15118998/fileData.do,대학알리미 최신 대학주요정보(지표별 2025~2026 공시)
동서울대학교,UNI-C12,전문대,수도권,9.8,99.7,0.3135,,,,,3750251.4,10621.7,3.4,50.74,36.3,67.5,,,,100.0,148.3105,,0,https://www.data.go.kr/data/15118998/fileData.do,대학알리미 최신 대학주요정보(지표별 2025~2026 공시)
안산대학교,UNI-C13,전문대,수도권,13.4,100,8.0128,,,,,3799421.2,12038.7,9.9,53.78,55,71.4,,,,100.0,181.9359,,0,https://www.data.go.kr/data/15118998/fileData.do,대학알리미 최신 대학주요정보(지표별 2025~2026 공시)
오산대학교,UNI-C14,전문대,수도권,10.6,99.5,8.9683,,,,,4174820.2,13445.4,7.3,57.55,44.8,74.5,,,,100.0,190.0302,,0,https://www.data.go.kr/data/15118998/fileData.do,대학알리미 최신 대학주요정보(지표별 2025~2026 공시)
부천대학교,UNI-C15,전문대,수도권,12.8,100,10.4515,,,,,4627681.3,12759.9,5,54.83,41.3,71.6,,,,100.0,184.6798,,0,https://www.data.go.kr/data/15118998/fileData.do,대학알리미 최신 대학주요정보(지표별 2025~2026 공시)
여주대학교,UNI-C16,전문대,수도권,7.6,91.6,10.9158,,,,,4332226.2,13188.9,19.4,76.51,74.4,74.8,,,,100.0,175.4006,,0,https://www.data.go.kr/data/15118998/fileData.do,대학알리미 최신 대학주요정보(지표별 2025~2026 공시)
경복대학교,UNI-C17,전문대,수도권,8,99.9,15.9488,,,,,4757095.5,16021.6,26.4,46.18,28.8,82.1,,,,100.0,223.4003,,0,https://www.data.go.kr/data/15118998/fileData.do,대학알리미 최신 대학주요정보(지표별 2025~2026 공시)
김포대학교,UNI-C18,전문대,수도권,5.7,100,24.0291,,,,,4949971.3,10467.7,18.6,35,71.7,66,,,,100.0,149.2124,,0,https://www.data.go.kr/data/15118998/fileData.do,대학알리미 최신 대학주요정보(지표별 2025~2026 공시)
용인예술과학대학교,UNI-C19,전문대,수도권,9.1,99.4,15.7158,,,,,3969316.9,13334.3,13.4,75.18,65.1,67.8,,,,100.0,178.8998,,0,https://www.data.go.kr/data/15118998/fileData.do,대학알리미 최신 대학주요정보(지표별 2025~2026 공시)
청강문화산업대학교,UNI-C20,전문대,수도권,11.1,100,0.7596,,,,,4132930.2,13416.3,16,54.69,54.6,62.3,,,,100.0,166.1832,,0,https://www.data.go.kr/data/15118998/fileData.do,대학알리미 최신 대학주요정보(지표별 2025~2026 공시)
신구대학교,UNI-C21,전문대,수도권,9.8,100,0.5651,,,,,3934828.7,11253.8,4.9,53.63,36.8,74.9,,,,100.0,155.7059,,0,https://www.data.go.kr/data/15118998/fileData.do,대학알리미 최신 대학주요정보(지표별 2025~2026 공시)
강동대학교,UNI-C22,전문대,비수도권,4.1,98.2,7.3597,,,,,4768823.1,11318.2,22.9,53.18,75.7,78.9,,,,100.0,185.9375,,0,https://www.data.go.kr/data/15118998/fileData.do,대학알리미 최신 대학주요정보(지표별 2025~2026 공시)
충북보건과학대학교,UNI-C23,전문대,비수도권,5.5,99.9,33.4013,,,,,3858482.1,11640.6,21.6,46.3,52.8,75.5,,,,100.0,173.1408,,0,https://www.data.go.kr/data/15118998/fileData.do,대학알리미 최신 대학주요정보(지표별 2025~2026 공시)
충청대학교,UNI-C24,전문대,비수도권,3.8,97.9,25.9639,,,,,3857529.9,12662.1,10.7,54.32,61.9,71.5,,,,100.0,200.2293,,0,https://www.data.go.kr/data/15118998/fileData.do,대학알리미 최신 대학주요정보(지표별 2025~2026 공시)
대구과학대학교,UNI-C25,전문대,비수도권,4.6,100,6.6816,,,,,5599222,12496.2,11.9,57.35,41.3,75.8,,,,100.0,198.1699,,0,https://www.data.go.kr/data/15118998/fileData.do,대학알리미 최신 대학주요정보(지표별 2025~2026 공시)
영남이공대학교,UNI-C26,전문대,비수도권,7.5,100,5.5202,,,,,5042759.7,12412.4,19.8,52.23,40.5,72.7,,,,100.0,185.5782,,0,https://www.data.go.kr/data/15118998/fileData.do,대학알리미 최신 대학주요정보(지표별 2025~2026 공시)
계명문화대학교,UNI-C27,전문대,비수도권,4.9,97.4,7.2255,,,,,5431642.1,14600.9,9.1,53.67,42.2,62.4,,,,100.0,224.2807,,0,https://www.data.go.kr/data/15118998/fileData.do,대학알리미 최신 대학주요정보(지표별 2025~2026 공시)
대구보건대학교,UNI-C28,전문대,비수도권,8.2,99.2,0.8491,,,,,4692888.1,12975.5,10.6,53.85,43,77.7,,,,100.0,190.8751,,0,https://www.data.go.kr/data/15118998/fileData.do,대학알리미 최신 대학주요정보(지표별 2025~2026 공시)
부산보건대학교,UNI-C29,전문대,비수도권,11.8,96.5,1.676,,,,,4814183.4,14014.7,10.7,60.16,55.3,73.2,,,,100.0,211.8688,,0,https://www.data.go.kr/data/15118998/fileData.do,대학알리미 최신 대학주요정보(지표별 2025~2026 공시)
경남정보대학교,UNI-C30,전문대,비수도권,7.4,94.4,17.9188,,,,,4904929.5,13485.5,18.1,52.17,46.3,72.9,,,,100.0,200.3075,,0,https://www.data.go.kr/data/15118998/fileData.do,대학알리미 최신 대학주요정보(지표별 2025~2026 공시)
부산여자대학교,UNI-C31,전문대,비수도권,5.4,99.5,6.3887,,,,,4576651.3,12870.9,33.3,58.14,89.5,62.6,,,,100.0,197.8951,,0,https://www.data.go.kr/data/15118998/fileData.do,대학알리미 최신 대학주요정보(지표별 2025~2026 공시)
부산과학기술대학교,UNI-C32,전문대,비수도권,6.3,100,21.6694,,,,,5082312.4,12714.1,20,56.84,52.1,74.4,,,,100.0,192.7605,,0,https://www.data.go.kr/data/15118998/fileData.do,대학알리미 최신 대학주요정보(지표별 2025~2026 공시)
창원문성대학교,UNI-C33,전문대,비수도권,3.8,79.3,0.0,,,,,4137268.5,23172.4,0,96.55,205.9,66.2,,,,100.0,356.3778,,0,https://www.data.go.kr/data/15118998/fileData.do,대학알리미 최신 대학주요정보(지표별 2025~2026 공시)
마산대학교,UNI-C34,전문대,비수도권,7.2,88.7,11.2522,,,,,3898580.6,11315.3,27.8,54.9,38,76.1,,,,100.0,176.8596,,0,https://www.data.go.kr/data/15118998/fileData.do,대학알리미 최신 대학주요정보(지표별 2025~2026 공시)
광주보건대학교,UNI-C35,전문대,비수도권,5.5,99.2,0.1127,,,,,3869007.6,11380.3,14.1,60.92,58.6,74.9,,,,100.0,202.3668,,0,https://www.data.go.kr/data/15118998/fileData.do,대학알리미 최신 대학주요정보(지표별 2025~2026 공시)
전남과학대학교,UNI-C36,전문대,비수도권,1.7,92.6,5.8428,,,,,4819503.8,13314.5,15.5,60.4,49.5,79.5,,,,100.0,242.3638,,0,https://www.data.go.kr/data/15118998/fileData.do,대학알리미 최신 대학주요정보(지표별 2025~2026 공시)
전북과학대학교,UNI-C37,전문대,비수도권,2.6,97.3,17.7983,,,,,4823178.8,13892.2,33.3,67.12,43.2,77.8,,,,100.0,257.1106,,0,https://www.data.go.kr/data/15118998/fileData.do,대학알리미 최신 대학주요정보(지표별 2025~2026 공시)
연암공과대학교,UNI-C38,전문대,비수도권,9.4,100,0.0,,,,,4802850.6,22679.3,53.3,74.51,61.7,79.6,,,,100.0,407.3077,,0,https://www.data.go.kr/data/15118998/fileData.do,대학알리미 최신 대학주요정보(지표별 2025~2026 공시)
강원도립대학교,UNI-C39,전문대,비수도권,4,100,9.8107,,,,,3569703.9,35536.1,48.3,63.33,68.2,63.9,,,,100.0,1513.4625,,0,https://www.data.go.kr/data/15118998/fileData.do,대학알리미 최신 대학주요정보(지표별 2025~2026 공시)
삼육보건대학교,UNI-C40,전문대,수도권,21,100,16.4295,,,,,3257966.3,13793.6,0,55.71,54.1,77,,,,100.0,219.0782,,0,https://www.data.go.kr/data/15118998/fileData.do,대학알리미 최신 대학주요정보(지표별 2025~2026 공시)
